canonical,type,origin_lang,source_form,gloss,notes,forms,wikt_entry,reviewed
mono-,prefix,Ancient Greek,monos,"one, single, alone",μόνος,mono|mon,mono-,1
poly-,prefix,Ancient Greek,polus,"many, much",πολύς,poly,poly-,0
di-,prefix,Ancient Greek,dis,"two, double",δίς,di,di-,0
hemi-,prefix,Ancient Greek,hemi,half,ἡμι-,hemi,hemi-,0
pan-,prefix,Ancient Greek,pan,"all, every",πᾶν,pan|panto,pan-,0
micro-,prefix,Ancient Greek,mikros,small,μικρός,micro,micro-,0
macro-,prefix,Ancient Greek,makros,"large, long",μακρός,macro,macro-,0
mega-,prefix,Ancient Greek,megas,"large, great",μέγας,mega|megal|megalo,mega-,0
tele-,prefix,Ancient Greek,tele,"far, distant",τῆλε,tele|tel,tele-,1
auto-,prefix,Ancient Greek,autos,self,αὐτός,auto|aut,auto-,1
neo-,prefix,Ancient Greek,neos,"new, recent",νέος,neo,neo-,0
pseudo-,prefix,Ancient Greek,pseudes,"false, pretended",ψευδής,pseudo|pseud,pseudo-,0
proto-,prefix,Ancient Greek,protos,first,πρῶτος,proto|prot,proto-,1
iso-,prefix,Ancient Greek,isos,equal,ἴσος,iso,iso-,0
eu-,prefix,Ancient Greek,eu,"good, well",εὖ,eu,eu-,0
dys-,prefix,Ancient Greek,dus-,"bad, difficult, abnormal",δυσ-,dys,dys-,0
a-,prefix,Ancient Greek,a-,"not, without","alpha privative; 'a' before consonants, 'an' before vowels. Single-letter form is highly ambiguous — expect heavy cost-function reliance.",an|a,a-,0
al-,prefix,Old English,eall,all,"in alone, always, almost, already; distinct from Latin ad- assimilated as al-",al,al-,0
anti-,prefix,Ancient Greek,anti,"against, opposite",ἀντί,anti|ant,anti-,0
syn-,prefix,Ancient Greek,sun,"with, together","σύν; assimilates: sym- before b/m/p, syl- before l",syn|sym|syl|sys,syn-,1
dia-,prefix,Ancient Greek,dia,"through, across",διά,dia,dia-,0
epi-,prefix,Ancient Greek,epi,"upon, over, in addition",ἐπί,epi,epi-,0
hypo-,prefix,Ancient Greek,hupo,"under, below",ὑπό,hypo|hyp,hypo-,0
hyper-,prefix,Ancient Greek,huper,"over, above, excessive",ὑπέρ,hyper,hyper-,0
peri-,prefix,Ancient Greek,peri,"around, about",περί,peri,peri-,0
para-,prefix,Ancient Greek,para,"beside, beyond, abnormal",παρά,para|par,para-,1
meta-,prefix,Ancient Greek,meta,"after, beyond, change",μετά,meta|met,meta-,0
amphi-,prefix,Ancient Greek,amphi,"both, around",ἀμφί,amphi,amphi-,0
endo-,prefix,Ancient Greek,endon,"within, inside",ἔνδον,endo|end,endo-,0
exo-,prefix,Ancient Greek,exo,"outside, external",ἔξω,exo,exo-,0
ecto-,prefix,Ancient Greek,ektos,"outside, external",ἐκτός,ecto,ecto-,0
homo-,prefix,Ancient Greek,homos,same,ὁμός,homo|hom,homo-,0
hetero-,prefix,Ancient Greek,heteros,"other, different",ἕτερος,hetero|heter,hetero-,0
re-,prefix,Latin,re-,"again, back",,re,re-,0
de-,prefix,Latin,de,"down, away; undo",,de,de-,0
dis-,prefix,Latin,dis-,"apart, not, reversal",,dis|dif,dis-,1
in-,prefix,Latin,in-,"not, without","assimilates: im- before b/m/p, il- before l, ir- before r; distinct from in- 'into'",in|im|il|ir,in-,0
in-,prefix,Latin,in,"in, into, toward",distinct from in- 'not',in|im,in-,0
ex-,prefix,Latin,ex,"out of, from",,ex|ef,ex-,0
pre-,prefix,Latin,prae,"before, in front of",,pre,pre-,1
post-,prefix,Latin,post,"after, behind",,post,post-,0
sub-,prefix,Latin,sub,"under, below",,sub|sus,sub-,1
super-,prefix,Latin,super,"above, over, beyond",,super,super-,1
trans-,prefix,Latin,trans,"across, through, beyond",,trans,trans-,1
inter-,prefix,Latin,inter,"between, among",,inter,inter-,1
intra-,prefix,Latin,intra,"within, inside",,intra,intra-,0
contra-,prefix,Latin,contra,"against, opposite",counter- via French,contra|counter,contra-,1
com-,prefix,Latin,cum,"with, together","assimilates: con-, co-, col-, cor-",com|con|co|col|cor,com-,1
ab-,prefix,Latin,ab,"away from, off",,ab|abs,ab-,1
ad-,prefix,Latin,ad,"to, toward","assimilates before many consonants (accede, affix, aggregate, allude, appear, arrive, assent, attract); short forms are highly ambiguous",ad|ac|af|ag|al|ap|ar|as|at,ad-,0
per-,prefix,Latin,per,"through, thoroughly",,per,per-,0
pro-,prefix,Latin,pro,"forward, before, in favor of",,pro,pro-,1
circum-,prefix,Latin,circum,around,,circum,circum-,1
extra-,prefix,Latin,extra,"outside, beyond",,extra,extra-,1
ultra-,prefix,Latin,ultra,beyond,,ultra,ultra-,0
semi-,prefix,Latin,semi,half,,semi,semi-,0
multi-,prefix,Latin,multus,many,,multi,multi-,1
uni-,prefix,Latin,unus,one,,uni,uni-,1
bi-,prefix,Latin,bis,"two, twice",,bi|bin,bi-,0
tri-,prefix,Latin,tres,three,also Greek τρεῖς,tri,tri-,1
ambi-,prefix,Latin,ambo,"both, around",,ambi,ambi-,0
non-,prefix,Latin,non,not,,non,non-,1
retro-,prefix,Latin,retro,"backward, behind",,retro,retro-,0
un-,prefix,Old English,un-,not; reversal of,,un,un-,0
mis-,prefix,Old English,mis-,"wrongly, badly",,mis,mis-,1
over-,prefix,Old English,ofer,"above, excessive",,over,over-,1
under-,prefix,Old English,under,"beneath, insufficient",,under,under-,1
out-,prefix,Old English,ut,"beyond, surpassing",,out,out-,1
fore-,prefix,Old English,fore,"before, in front",,fore,fore-,1
lith,root,Ancient Greek,lithos,stone,λίθος,lith|litho,litho-,1
chron,root,Ancient Greek,khronos,time,χρόνος,chron|chrono,chrono-,1
phot,root,Ancient Greek,phos,light,"φῶς, genitive φωτός",phot|photo|phos,photo-,1
graph,root,Ancient Greek,graphein,"to write, to draw",γράφειν,graph|grapho,-graph,1
log,root,Ancient Greek,logos,"word, speech, reason",λόγος,log|logo,logo-,1
bio,root,Ancient Greek,bios,life,βίος,bio,bio-,0
geo,root,Ancient Greek,ge,earth,γῆ,geo,geo-,0
therm,root,Ancient Greek,therme,heat,θέρμη,therm|thermo,thermo-,0
hydr,root,Ancient Greek,hudor,water,ὕδωρ,hydr|hydro,hydro-,1
path,root,Ancient Greek,pathos,"feeling, suffering, disease",πάθος,path|patho,patho-,0
phon,root,Ancient Greek,phone,"sound, voice",φωνή,phon|phono,phono-,1
scop,root,Ancient Greek,skopein,"to look at, examine",σκοπεῖν,scop|scope,-scope,0
morph,root,Ancient Greek,morphe,"form, shape",μορφή,morph|morpho,morpho-,0
psych,root,Ancient Greek,psukhe,"mind, soul",ψυχή,psych|psycho,psycho-,1
derm,root,Ancient Greek,derma,skin,δέρμα,derm|derma|dermo,dermo-,0
cardi,root,Ancient Greek,kardia,heart,καρδία,cardi|cardio,cardio-,0
dem,root,Ancient Greek,demos,"people, populace",δῆμος,dem|demo,demo-,1
phil,root,Ancient Greek,philos,"loving, fond of",φίλος,phil|philo,philo-,1
phob,root,Ancient Greek,phobos,"fear, dread",φόβος,phob,-phobia,1
soph,root,Ancient Greek,sophia,"wisdom, knowledge",σοφία,soph|sopho,-sophy,1
etym,root,Ancient Greek,etymon,"true, literal sense","ἔτυμον; borrowed whole as English ""etymon""",etym|etymo|etymon,etymology,1
therap,root,Ancient Greek,therapeia,"healing, treatment",θεραπεία,therap,therapy,1
thes,root,Ancient Greek,thesis,"placing, setting",θέσις; ablaut variant thet-,thes|thet,thesis,0
anthrop,root,Ancient Greek,anthropos,human being,ἄνθρωπος,anthrop|anthropo,anthropo-,0
astr,root,Ancient Greek,astron,star,ἄστρον,astr|astro,astro-,0
cycl,root,Ancient Greek,kuklos,"circle, wheel",κύκλος,cycl|cyclo,cyclo-,1
gram,root,Ancient Greek,gramma,"written thing, letter",γράμμα,gram,-gram,1
metr,root,Ancient Greek,metron,measure,μέτρον,metr|meter|metre,-meter,0
phys,root,Ancient Greek,phusis,nature,φύσις,phys|physi|physio,physio-,1
techn,root,Ancient Greek,tekhne,"art, skill, craft",τέχνη,techn|techno|tech,techno-,1
zo,root,Ancient Greek,zoion,"animal, living being",ζῷον,zo|zoo,zoo-,0
gen,root,Ancient Greek,genos,"birth, origin, kind",γένος; Latin genus is cognate — one row for both traditions,gen|geno,-gen,0
gen,root,Latin,"genus, generis, generalis","class, kind, race, birth","Latin genus sense (general, generous, generic) — cognate with but distinct from the Ancient Greek genos row above; disambiguated by which source form the retrieved prose names",gen,genus,1
crypt,root,Ancient Greek,kruptos,"hidden, secret",κρυπτός,crypt|crypto,crypto-,0
glot,root,Ancient Greek,glotta,"tongue, language",γλῶττα / γλῶσσα,glot|gloss|glosso,glosso-,0
hem,root,Ancient Greek,haima,blood,αἷμα,hem|hemo|hemat|haem,hemo-,0
neur,root,Ancient Greek,neuron,"nerve, sinew",νεῦρον,neur|neuro,neuro-,0
opt,root,Ancient Greek,optos,"seen, visible; eye",ὀπτός,opt|opto,opto-,0
opt,root,Latin,"optare, optio, opto","to choose, wish for","choosing sense (option, adopt, opt) — distinct from the Ancient Greek optos eye row above (optic, optometry). Note optimus best is from ops, not optare",opt,optare,1
pyr,root,Ancient Greek,pur,fire,πῦρ,pyr|pyro,pyro-,0
the,root,Ancient Greek,theos,god,θεός; form 'the' collides with the English article — expect cost-function reliance,the|theo,theo-,0
the,root,Ancient Greek,"thea, theoros, theatron","sight, spectacle; viewing","viewing sense (theory, theater) — distinct from the theos god row above. Same origin language, so disambiguation rests entirely on which source form the prose names",the,thea,1
ton,root,Ancient Greek,tonos,"tone, pitch, tension",τόνος; in monotonous/monotone/tonic,ton|tono|tone,tono-,1
top,root,Ancient Greek,topos,place,τόπος,top|topo,topo-,0
top,root,Old English,topp,"summit, crown, highest part","native sense (laptop, desktop, topmost) — distinct from the Ancient Greek topos place row above (topic, topography)",top,top,1
polis,root,Ancient Greek,polis,"city, city-state",πόλις,polis|poli|pol,-polis,1
paed,root,Ancient Greek,pais,child,"παῖς, genitive παιδός; distinct from Latin ped 'foot'",paed|ped|pedo,paedo-,0
ped,root,Latin,pes,foot,genitive pedis; distinct from Greek paed 'child',ped|pedi,ped-,0
aud,root,Latin,audire,to hear,,aud|audi,audire,1
cap,root,Latin,capere,"to take, seize",,cap|capt|cip|cept|ceipt|ceiv|ceive|cipe,capere,1
ced,root,Latin,cedere,"to go, yield",,ced|cess,cede,1
cred,root,Latin,credere,"to believe, trust",,cred,credo,1
dict,root,Latin,dicere,"to say, speak",,dict|dic,dicere,1
duc,root,Latin,ducere,to lead,,duc|duct,duct,1
fac,root,Latin,facere,"to make, do",,fac|fact|fic|fect,fact,1
fer,root,Latin,ferre,"to carry, bear",,fer,-fer,1
flect,root,Latin,flectere,to bend,,flect|flex,flectere,0
form,root,Latin,forma,"shape, form",,form,form,1
fract,root,Latin,frangere,to break,,fract|frag,frangere,0
integr,root,Latin,integer,"whole, untouched, entire",in integral/integrity/integrate; from in- 'not' + stem of tangere 'to touch',integr|integer,integer,1
ject,root,Latin,iacere,"to throw, cast",,ject,iacere,1
jud,root,Latin,iudex,judge,,jud|judic,judge,0
junct,root,Latin,iungere,to join,,junct,iungere,0
leg,root,Latin,legere,"to read, choose",collides with free word 'leg',leg|lect,legere,1
leg,root,Latin,"lex, legis, legalis",law,"law sense (legal, legislate, privilege) — distinct from the legere to read, choose row above (collect, legible, legend). Same origin language, so disambiguation rests on the source form named in the prose",leg,lex,1
loc,root,Latin,locus,place,,loc|loco,loco-,1
loqu,root,Latin,loqui,to speak,,loqu|locut,loqui,0
luc,root,Latin,lux,light,genitive lucis; lumin- from lumen,luc|lumin,lux,0
man,root,Latin,manus,hand,collides with free word 'man',man|manu,manus,0
mit,root,Latin,mittere,"to send, let go",,mit|mitt|miss,-mit,1
mot,root,Latin,movere,to move,,mot|mov,movere,1
mort,root,Latin,mors,death,genitive mortis,mort,mors,1
nov,root,Latin,novus,new,,nov,nov-,1
puls,root,Latin,pellere,"to push, drive",,pel|pell|puls,puls-,1
pend,root,Latin,pendere,"to hang, weigh",,pend|pens,pendere,1
port,root,Latin,portare,to carry,,port,portare,1
pos,root,Latin,ponere,"to place, put",,pos|pon|posit,posit,1
prim,root,Latin,primus,first,,prim|prime,primus,1
quir,root,Latin,quaerere,"to seek, ask",,quir|quis|quest|quer,quest,1
rupt,root,Latin,rumpere,"to break, burst",,rupt,rumpere,1
scrib,root,Latin,scribere,to write,,scrib|script,scribere,1
sect,root,Latin,secare,to cut,,sect,sect,1
sent,root,Latin,sentire,"to feel, perceive",,sent|sens,sentire,1
sequ,root,Latin,sequi,to follow,,sequ|secut,sequi,1
spect,root,Latin,specere,"to look, watch",,spect|spec|spic,spect,1
spir,root,Latin,spirare,to breathe,,spir,spirare,1
stat,root,Latin,stare,to stand,,stat|sta|stit,stare,1
struct,root,Latin,struere,"to build, assemble",,struct|stru,struct,1
tact,root,Latin,tangere,to touch,,tact|tang,tangere,1
tract,root,Latin,trahere,"to pull, drag",,tract,tract,1
trem,root,Latin,tremere,"to tremble, quake",in tremor/tremulous; tremend- from gerundive tremendus,trem|tremend|tremul,tremo,1
ven,root,Latin,venire,to come,,ven|vent,ven-,1
verg,root,Latin,vergere,"to bend, turn, incline",in converge/diverge,verg,vergere,1
vert,root,Latin,vertere,to turn,,vert|vers,vertere,1
vid,root,Latin,videre,to see,,vid|vis,videre,1
viv,root,Latin,vivere,to live,vit- from vita 'life',viv|vit,vivere,1
voc,root,Latin,vox,voice; to call,genitive vocis; vocare 'to call',voc|vok,vox,0
volv,root,Latin,volvere,"to roll, turn",,volv|volut,volvere,1
-ic,suffix,Latin/Greek,-icus/-ikos,"relating to, characterized by",,ic,-ic,1
-al,suffix,Latin,-alis,"relating to, of the kind of",,al|ial|tual|ual,-al,1
-ous,suffix,Latin,-osus,"full of, having",,ous|ious|eous,-ous,1
-ary,suffix,Latin,-arius,relating to; place for,,ary,-ary,1
-ory,suffix,Latin,-orius,relating to; place for,,ory,-ory,1
-ive,suffix,Latin,-ivus,"tending to, having the nature of",,ive,-ive,1
-able,suffix,Latin,-abilis,capable of being,via Old French,able|ible,-able,1
-tion,suffix,Latin,-tio,act or result of,,tion|sion|ation|ition,-tion,1
-ion,suffix,Latin,-io,"act, state, result",,ion,-ion,1
-ment,suffix,Latin,-mentum,result or means of an action,,ment,-ment,1
-ity,suffix,Latin,-itas,state or quality of,,ity|ety,-ity,1
-or,suffix,Latin,-or,"one who, that which",,or,-or,0
-ate,suffix,Latin,-atus,having; to make or act,,ate,-ate,1
-ify,suffix,Latin,-ificare,"to make, cause to become",,ify|fy,-ify,1
-age,suffix,Latin,-aticum,"action, collection, condition",via Old French,age,-age,1
-ance,suffix,Latin,-antia,state or quality of,,ance|ence|ancy|ency,-ance,1
-ant,suffix,Latin,-antem,performing or being (agent/adjective),,ant|ent,-ant,1
-arian,suffix,Latin,-arius,"believer in, advocate of",,arian,-arian,0
-ia,suffix,Latin/Greek,-ia,"state, condition; used in names of places and diseases",,ia,-ia,1
-ist,suffix,Ancient Greek,-istes,one who practices or believes,-ιστής,ist,-ist,1
-ism,suffix,Ancient Greek,-ismos,"doctrine, practice, condition",-ισμός,ism,-ism,0
-ize,suffix,Ancient Greek,-izein,"to make, to become, to treat",-ίζειν; -ise British,ize|ise,-ize,1
-oid,suffix,Ancient Greek,-oeides,"resembling, like",-οειδής,oid,-oid,0
-itis,suffix,Ancient Greek,-itis,inflammation of,-ῖτις,itis,-itis,0
-logy,suffix,Ancient Greek,-logia,"study of, discourse",-λογία; from logos,logy,-logy,1
-sis,suffix,Ancient Greek,-sis,"process, action, state",-σις; as in thesis = the- + -sis,sis,-sis,1
-graphy,suffix,Ancient Greek,-graphia,"writing, recording, field of study",-γραφία,graphy,-graphy,0
-cracy,suffix,Ancient Greek,-kratia,"rule, government",-κρατία; -crat 'ruler/supporter',cracy|crat,-cracy,1
-ness,suffix,Old English,-nes,state or quality of,,ness,-ness,1
-er,suffix,Old English,-ere,"one who, that which",agent suffix,er,-er,0
-ful,suffix,Old English,-full,"full of, characterized by",,ful,-ful,1
-less,suffix,Old English,-leas,"without, lacking",,less,-less,1
-ly,suffix,Old English,-lice,in the manner of,,ly,-ly,0
-ish,suffix,Old English,-isc,"somewhat like, of the nature of",,ish,-ish,1
-hood,suffix,Old English,-had,"state, condition, group",,hood,-hood,1
-ship,suffix,Old English,-scipe,"state, office, skill",,ship,-ship,1
-dom,suffix,Old English,-dom,"domain, condition, realm",,dom,-dom,1
-en,suffix,Old English,-nian,"to make, become; made of",,en,-en,0
-ward,suffix,Old English,-weard,in the direction of,,ward|wards,-ward,1
-wise,suffix,Old English,wise,in the manner or direction of,,wise,-wise,1
-y,suffix,Old English,-ig,"characterized by, full of",single-letter form is highly ambiguous — expect cost-function reliance,y,-y,0
-y,suffix,Ancient Greek,-ia,"state, condition, or quality","abstract-noun-forming sense (philosophy, economy, agony), via Latin -ia / Old French -ie — distinct from the Old English adjective-forming -y above; single-letter form is highly ambiguous",y,-y,0
-esque,suffix,French,-esque,"in the style of, resembling",from Italian -esco,esque,-esque,0
ob-,prefix,Latin,ob,"toward, against, in the way of","assimilates before the stem consonant (occur, offer, oppose)",ob|oc|of|op,ob-,1
oct-,prefix,Latin,octo,eight,October was the eighth month of the Roman calendar,oct|octo|octa,oct-,1
-ure,suffix,Latin,-ura,"act, process, or result of",,ure|ature|ture,-ure,1
-cle,suffix,Latin,-culus,diminutive: small,,cle|cule|culum,-cle,1
-et,suffix,French,-ittus,diminutive: small,via Old French from Latin -ittus. Bare 'et' deliberately excluded: it splits sunset/upset/quiet/sheet more often than it finds a real diminutive,ette|let,-et,1
-eer,suffix,French,-ier,one concerned with,,eer|ier,-eer,1
-ry,suffix,French,-erie,"condition, practice, or collective",bare 'ry' deliberately excluded: it out-competes the -y suffix on carry/sorry/story and on every -ry given name,ery,-ry,1
-esc-,suffix,Latin,-escere,"beginning to, becoming (inchoative)","adolescence, convalescent, incandescent",esc|escent|escence,-esc-,1
turb,root,Latin,turbare,"to stir up, throw into confusion",,turb|turbul,turbare,1
flict,root,Latin,fligere,to strike,,flict|flig,fligere,1
var,root,Latin,varius,"varied, changing, different",,var|vari,varius,1
anx,root,Latin,angere,"to choke, press, distress",form 'ang' deliberately excluded: it leaves a one-letter stem on rang/sang/yang and every -ang name,anx,angere,1
circ,root,Latin,circus,"ring, circle",,circ|circul,circus,1
priv,root,Latin,privus,"one's own, separate",,priv|privat,privus,1
civ,root,Latin,civis,"citizen, city","form 'cit' deliberately excluded: cite/excite/recite are Latin citare 'to summon', an unrelated root",civ|citi,civis,1
vuln,root,Latin,vulnus,wound,,vuln|vulner,vulnus,1
cand,root,Latin,candere,"to shine, glow, be white","form 'cens' deliberately excluded: census/censor are Latin censere 'to assess', an unrelated root",cand|candid,candere,1
liqu,root,Latin,liquere,to be fluid,,liqu|liquid|liquor,liquere,1
splend,root,Latin,splendere,"to shine, be bright",,splend|splendid,splendere,1
fort,root,Latin,fortis,strong,,fort|forc|fortit,fortis,1
equ,root,Latin,aequus,"equal, level, even",,equ|equi|iqu,aequus,1
exerc,root,Latin,exercere,"to keep busy, train",,exerc|exercit,exercere,1
prior,root,Latin,prior,"former, earlier","forms 'prim'/'prin' deliberately excluded: they belong to the existing primus row, and prior/primus are distinct Latin lexemes",prior,prior,1
typ,root,Ancient Greek,typos,"impression, stamp, model",,typ|typo,typos,1
bol,root,Ancient Greek,ballein,"to throw, cast",forms 'ble'/'bl' deliberately excluded: they collide with the -able/-ible suffixes and are too short to survive the cost function,bol,ballein,1
iatr,root,Ancient Greek,iatros,"healer, physician",,iatr|iatri,iatros,1
onym,root,Ancient Greek,onoma,name,,onym|onoma|nym,onoma,1
myth,root,Ancient Greek,mythos,"story, tale, speech",,myth|mytho,mythos,1
schem,root,Ancient Greek,schema,"form, figure, plan",,schem|schemat,schema,1
rhythm,root,Ancient Greek,rhythmos,measured flow,,rhythm|rhyth,rhythmos,1
phras,root,Ancient Greek,phrazein,"to speak, declare",,phras|phrase,phrazein,1
-s,suffix,Old English,"-as, -es",plural; third-person singular present,"inflectional, not derivational — carried here so plurals stop surfacing as unmatched spans (thing|s, not thi|ngs)",s|es|ies|ves,-s,1
-ed,suffix,Old English,"-ode, -de",past tense; past participle,"1-letter allomorphs d/t deliberately excluded: they split said, find, told, wait, went and hundreds of other whole words",ed,-ed,1
-ing,suffix,Old English,"-ung, -ing",verbal noun; present participle,,ing,-ing,1
-est,suffix,Old English,-ost,superlative degree,form 'st' deliberately excluded: it breaks first/last/best/must,est,-est,1
-ty,suffix,Old English,-tig,group of ten,"fifty, sixty — distinct from the Latinate -ty of quality/city",ty|tig,-ty,1
-teen,suffix,Old English,-tyne,ten more than,,teen,-teen,1
-th,suffix,Old English,"-thu, -otha",forms ordinals and abstract nouns,"fourth, wealth, strength",th,-th,1
clud,root,Latin,claudere,"to close, shut","conclusion, include, exclusive, closet",clud|clus|clude,claudere,1
sum,root,Latin,sumere,"to take, take up","assume, consume, presume",sum|sump|sume,sumere,1
sed,root,Latin,sedere,"to sit, settle","session, sedentary, president, reside",sed|sess|sid,sedere,1
cre,root,Latin,creare,"to make, bring forth","creation, recreate",cre|creat,creare,1
gnos,root,Latin,(g)noscere,to know,"recognise, cognition, diagnosis",gnos|cogn|nosc,(g)noscere,1
rap,root,Latin,rapere,"to seize, snatch",form 'reav' deliberately excluded: bereave is Old English bereafian,rap|rapt|rept,rapere,1
nat,root,Latin,natus,born,"form 'na' deliberately excluded — two letters, far too greedy",nat|gnat,natus,1
aug,root,Latin,augere,to increase,"auction, augment, author (via auctor)",aug|auct|auc,augere,1
div,root,Latin,dividere,"to divide, separate","forms 'vid'/'vis' deliberately excluded: they belong to the existing vid 'to see' row, and dividere is a different root",div,dividere,1
propr,root,Latin,proprius,one's own,"appropriate, property, proper",propr|propri,proprius,1
magn,root,Latin,magnus,"great, large","magnificent, magnitude, majesty, maximum",magn|magnif,magnus,1
sal,root,Latin,salire,to leap,"insult, assault, resilient",sal|sult|sault,salire,1
cad,root,Latin,cadere,to fall,"occasion, accident, cadence",cad|cid|cas,cadere,1
grad,root,Latin,gradi,"to step, go","aggressive, congress, degree, gradual",grad|gress|gree,gradi,1
fend,root,Latin,fendere,"to strike, ward off","offense, defend",fend|fens,fendere,1
caus,root,Latin,causa,"cause, reason",,caus,causa,1
satis,root,Latin,satis,enough,,satis,satis,1
liber,root,Latin,liber,free,,liber|libert,liber,1
plag,root,Latin,plaga,"blow, stroke",,plag,plaga,1
eleph,root,Ancient Greek,elephas,"elephant, ivory",,eleph,elephas,1
galact,root,Ancient Greek,"gala, galakt-",milk,galaxy — the Milky Way,galact|galax,"gala, galakt-",1
pract,root,Ancient Greek,prattein,"to do, act",,pract|prax,prattein,1
cryst,root,Ancient Greek,krystallos,"ice, crystal",,cryst|crystall,krystallos,1
val,root,Latin,valere,"to be strong, be worth",,val,valere,1
serv,root,Latin,servire,to serve,,serv,servire,1
